{
    "$schema": "https://schema.management.azure.com/schemas/2015-01-01/deploymentParameters.json#",
    "contentVersion": "1.0.0.0",
    "parameters": {
        "IotHubs_iothub289C913D_connectionString": {
            "value": null
        },
        "IotHubs_iothub289C913D_containerName": {
            "value": null
        },
        "sites_iotfunc289C913D_name": {
            "value": null
        },
        "IotHubs_iothub289C913D_name": {
            "value": null
        },
        "serverfarms_iotfuncplan289C913D_name": {
            "value": null
        },
        "components_iotappin289C913D_name": {
            "value": null
        },
        "accounts_iotdls289c913d_name": {
            "value": null
        },
        "accounts_iotdla289c913d_name": {
            "value": null
        },
        "storageAccounts_iotstorage289c913d_name": {
            "value": null
        },
        "streamingjobs_iotasa289C913D_name": {
            "value": null
        },
        "smartdetectoralertrules_failure_anomalies___iotappin289c913d_name": {
            "value": null
        },
        "actiongroups_application_20insights_20smart_20detection_externalid": {
            "value": null
        }
    }
}