{
    "$schema": "https://schema.management.azure.com/schemas/2015-01-01/deploymentTemplate.json#",
    "contentVersion": "1.0.0.0",
    "parameters": {
        "IotHubs_iothub289C913D_connectionString": {
            "type": "SecureString"
        },
        "IotHubs_iothub289C913D_containerName": {
            "type": "SecureString"
        },
        "sites_iotfunc289C913D_name": {
            "defaultValue": "iotfunc289C913D",
            "type": "String"
        },
        "IotHubs_iothub289C913D_name": {
            "defaultValue": "iothub289C913D",
            "type": "String"
        },
        "serverfarms_iotfuncplan289C913D_name": {
            "defaultValue": "iotfuncplan289C913D",
            "type": "String"
        },
        "components_iotappin289C913D_name": {
            "defaultValue": "iotappin289C913D",
            "type": "String"
        },
        "accounts_iotdls289c913d_name": {
            "defaultValue": "iotdls289c913d",
            "type": "String"
        },
        "accounts_iotdla289c913d_name": {
            "defaultValue": "iotdla289c913d",
            "type": "String"
        },
        "storageAccounts_iotstorage289c913d_name": {
            "defaultValue": "iotstorage289c913d",
            "type": "String"
        },
        "streamingjobs_iotasa289C913D_name": {
            "defaultValue": "iotasa289C913D",
            "type": "String"
        },
        "smartdetectoralertrules_failure_anomalies___iotappin289c913d_name": {
            "defaultValue": "failure anomalies - iotappin289c913d",
            "type": "String"
        },
        "actiongroups_application_20insights_20smart_20detection_externalid": {
            "defaultValue": "/subscriptions/663c1da3-4ec5-47bd-8061-21e66a8a5f98/resourceGroups/paginas_amarillas/providers/microsoft.insights/actiongroups/application%20insights%20smart%20detection",
            "type": "String"
        }
    },
    "variables": {},
    "resources": [
        {
            "type": "Microsoft.DataLakeAnalytics/accounts",
            "apiVersion": "2016-11-01",
            "name": "[parameters('accounts_iotdla289c913d_name')]",
            "location": "centralus",
            "properties": {
                "firewallState": "Disabled",
                "firewallAllowAzureIps": "Disabled",
                "firewallRules": [],
                "defaultDataLakeStoreAccount": "iotdls289c913d",
                "dataLakeStoreAccounts": [
                    {
                        "properties": {
                            "suffix": "azuredatalakestore.net"
                        },
                        "name": "iotdls289c913d"
                    }
                ],
                "storageAccounts": [],
                "maxDegreeOfParallelism": 32,
                "maxJobCount": 20,
                "maxDegreeOfParallelismPerJob": 32,
                "minPriorityPerJob": 1,
                "computePolicies": [],
                "queryStoreRetention": 30,
                "newTier": "Consumption"
            }
        },
        {
            "type": "Microsoft.DataLakeStore/accounts",
            "apiVersion": "2016-11-01",
            "name": "[parameters('accounts_iotdls289c913d_name')]",
            "location": "centralus",
            "properties": {
                "firewallState": "Disabled",
                "firewallAllowAzureIps": "Disabled",
                "firewallRules": [],
                "trustedIdProviderState": "Disabled",
                "trustedIdProviders": [],
                "encryptionState": "Enabled",
                "encryptionConfig": {
                    "type": "ServiceManaged"
                },
                "newTier": "Consumption"
            }
        },
        {
            "type": "Microsoft.Devices/IotHubs",
            "apiVersion": "2019-11-04",
            "name": "[parameters('IotHubs_iothub289C913D_name')]",
            "location": "centralus",
            "sku": {
                "name": "S1",
                "tier": "Standard",
                "capacity": 1
            },
            "properties": {
                "ipFilterRules": [],
                "eventHubEndpoints": {
                    "events": {
                        "retentionTimeInDays": 1,
                        "partitionCount": 4
                    }
                },
                "routing": {
                    "endpoints": {
                        "serviceBusQueues": [],
                        "serviceBusTopics": [],
                        "eventHubs": [],
                        "storageContainers": []
                    },
                    "routes": [],
                    "fallbackRoute": {
                        "name": "$fallback",
                        "source": "DeviceMessages",
                        "condition": "true",
                        "endpointNames": [
                            "events"
                        ],
                        "isEnabled": true
                    }
                },
                "storageEndpoints": {
                    "$default": {
                        "sasTtlAsIso8601": "PT1H",
                        "connectionString": "[parameters('IotHubs_iothub289C913D_connectionString')]",
                        "containerName": "[parameters('IotHubs_iothub289C913D_containerName')]"
                    }
                },
                "messagingEndpoints": {
                    "fileNotifications": {
                        "lockDurationAsIso8601": "PT1M",
                        "ttlAsIso8601": "PT1H",
                        "maxDeliveryCount": 10
                    }
                },
                "enableFileUploadNotifications": false,
                "cloudToDevice": {
                    "maxDeliveryCount": 10,
                    "defaultTtlAsIso8601": "PT1H",
                    "feedback": {
                        "lockDurationAsIso8601": "PT1M",
                        "ttlAsIso8601": "PT1H",
                        "maxDeliveryCount": 10
                    }
                },
                "features": "None"
            }
        },
        {
            "type": "microsoft.insights/components",
            "apiVersion": "2015-05-01",
            "name": "[parameters('components_iotappin289C913D_name')]",
            "location": "centralus",
            "tags": {
                "hidden-link:/subscriptions/663c1da3-4ec5-47bd-8061-21e66a8a5f98/resourceGroups/IoTCapstoneRG/providers/Microsoft.Web/sites/iotfunc289C913D": "Resource"
            },
            "kind": "web",
            "properties": {
                "Application_Type": "web",
                "Flow_Type": "Redfield",
                "Request_Source": "AppServiceEnablementCreate"
            }
        },
        {
            "type": "Microsoft.Storage/storageAccounts",
            "apiVersion": "2019-04-01",
            "name": "[parameters('storageAccounts_iotstorage289c913d_name')]",
            "location": "northeurope",
            "sku": {
                "name": "Standard_LRS",
                "tier": "Standard"
            },
            "kind": "Storage",
            "properties": {
                "networkAcls": {
                    "bypass": "AzureServices",
                    "virtualNetworkRules": [],
                    "ipRules": [],
                    "defaultAction": "Allow"
                },
                "supportsHttpsTrafficOnly": false,
                "encryption": {
                    "services": {
                        "file": {
                            "enabled": true
                        },
                        "blob": {
                            "enabled": true
                        }
                    },
                    "keySource": "Microsoft.Storage"
                }
            }
        },
        {
            "type": "Microsoft.StreamAnalytics/streamingjobs",
            "apiVersion": "2016-03-01",
            "name": "[parameters('streamingjobs_iotasa289C913D_name')]",
            "location": "Central US",
            "identity": {
                "principalId": "7f954d50-6440-4c4c-89c3-1780bbfccc8f",
                "tenantId": "350d072b-d849-4df7-93bf-d5593556851d",
                "type": "SystemAssigned"
            },
            "properties": {
                "sku": {
                    "name": "Standard"
                },
                "outputStartMode": "JobStartTime",
                "outputStartTime": "2019-12-29T01:23:22.863Z",
                "eventsOutOfOrderPolicy": "Adjust",
                "outputErrorPolicy": "Stop",
                "eventsOutOfOrderMaxDelayInSeconds": 0,
                "eventsLateArrivalMaxDelayInSeconds": 5,
                "dataLocale": "en-US",
                "compatibilityLevel": "1.1"
            }
        },
        {
            "type": "Microsoft.Web/serverfarms",
            "apiVersion": "2018-02-01",
            "name": "[parameters('serverfarms_iotfuncplan289C913D_name')]",
            "location": "Central US",
            "sku": {
                "name": "Y1",
                "tier": "Dynamic",
                "size": "Y1",
                "family": "Y",
                "capacity": 0
            },
            "kind": "functionapp",
            "properties": {
                "perSiteScaling": false,
                "maximumElasticWorkerCount": 1,
                "isSpot": false,
                "reserved": false,
                "isXenon": false,
                "hyperV": false,
                "targetWorkerCount": 0,
                "targetWorkerSizeId": 0
            }
        },
        {
            "type": "microsoft.alertsmanagement/smartdetectoralertrules",
            "apiVersion": "2019-06-01",
            "name": "[parameters('smartdetectoralertrules_failure_anomalies___iotappin289c913d_name')]",
            "location": "global",
            "dependsOn": [
                "[resourceId('microsoft.insights/components', parameters('components_iotappin289C913D_name'))]"
            ],
            "properties": {
                "description": "Failure Anomalies notifies you of an unusual rise in the rate of failed HTTP requests or dependency calls.",
                "state": "Enabled",
                "severity": "Sev3",
                "frequency": "PT1M",
                "detector": {
                    "id": "FailureAnomaliesDetector"
                },
                "scope": [
                    "[resourceId('microsoft.insights/components', parameters('components_iotappin289C913D_name'))]"
                ],
                "actionGroups": {
                    "groupIds": [
                        "[parameters('actiongroups_application_20insights_20smart_20detection_externalid')]"
                    ]
                }
            }
        },
        {
            "type": "Microsoft.DataLakeAnalytics/accounts/dataLakeStoreAccounts",
            "apiVersion": "2016-11-01",
            "name": "[concat(parameters('accounts_iotdla289c913d_name'), '/iotdls289c913d')]",
            "dependsOn": [
                "[resourceId('Microsoft.DataLakeAnalytics/accounts', parameters('accounts_iotdla289c913d_name'))]"
            ],
            "properties": {
                "suffix": "azuredatalakestore.net"
            }
        },
        {
            "type": "Microsoft.Storage/storageAccounts/blobServices",
            "apiVersion": "2019-04-01",
            "name": "[concat(parameters('storageAccounts_iotstorage289c913d_name'), '/default')]",
            "dependsOn": [
                "[resourceId('Microsoft.Storage/storageAccounts', parameters('storageAccounts_iotstorage289c913d_name'))]"
            ],
            "sku": {
                "name": "Standard_LRS"
            },
            "properties": {
                "cors": {
                    "corsRules": []
                },
                "deleteRetentionPolicy": {
                    "enabled": false
                }
            }
        },
        {
            "type": "Microsoft.StreamAnalytics/streamingjobs/inputs",
            "apiVersion": "2016-03-01",
            "name": "[concat(parameters('streamingjobs_iotasa289C913D_name'), '/iothubinput')]",
            "dependsOn": [
                "[resourceId('Microsoft.StreamAnalytics/streamingjobs', parameters('streamingjobs_iotasa289C913D_name'))]"
            ],
            "properties": {
                "type": "Stream",
                "datasource": {
                    "type": "Microsoft.Devices/IotHubs",
                    "properties": {
                        "iotHubNamespace": "iothub289C913D",
                        "sharedAccessPolicyName": "iothubowner",
                        "endpoint": "messages/events",
                        "consumerGroupName": "$Default"
                    }
                },
                "compression": {
                    "type": "None"
                },
                "partitionKey": "",
                "serialization": {
                    "type": "Json",
                    "properties": {
                        "encoding": "UTF8"
                    }
                },
                "etag": "6d956f70-6b8c-493b-a7de-0b4be026cd69"
            }
        },
        {
            "type": "Microsoft.StreamAnalytics/streamingjobs/outputs",
            "apiVersion": "2016-03-01",
            "name": "[concat(parameters('streamingjobs_iotasa289C913D_name'), '/azfunction')]",
            "dependsOn": [
                "[resourceId('Microsoft.StreamAnalytics/streamingjobs', parameters('streamingjobs_iotasa289C913D_name'))]"
            ],
            "properties": {
                "datasource": {
                    "type": "Microsoft.AzureFunction",
                    "properties": {
                        "functionAppName": "iotfunc289C913D",
                        "functionName": "WindSpeedHttpTrigger",
                        "apiKey": null
                    }
                }
            }
        },
        {
            "type": "Microsoft.StreamAnalytics/streamingjobs/outputs",
            "apiVersion": "2016-03-01",
            "name": "[concat(parameters('streamingjobs_iotasa289C913D_name'), '/datagen1')]",
            "dependsOn": [
                "[resourceId('Microsoft.StreamAnalytics/streamingjobs', parameters('streamingjobs_iotasa289C913D_name'))]"
            ],
            "properties": {
                "datasource": {
                    "type": "Microsoft.DataLake/Accounts",
                    "properties": {
                        "filePathPrefix": "telemetry/{date}",
                        "accountName": "iotdls289c913d",
                        "tenantId": "350d072b-d849-4df7-93bf-d5593556851d",
                        "dateFormat": "yyyy/MM/dd",
                        "timeFormat": "HH",
                        "authenticationMode": "UserToken",
                        "refreshToken": null,
                        "accessToken": null,
                        "tokenUserPrincipalName": "FMondelo@kabel.es",
                        "tokenUserDisplayName": "Félix Mondelo Ruiz-Falcó"
                    }
                },
                "serialization": {
                    "type": "Json",
                    "properties": {
                        "encoding": "UTF8",
                        "format": "Array"
                    }
                }
            }
        },
        {
            "type": "Microsoft.Web/sites",
            "apiVersion": "2018-11-01",
            "name": "[parameters('sites_iotfunc289C913D_name')]",
            "location": "Central US",
            "dependsOn": [
                "[resourceId('Microsoft.Web/serverfarms', parameters('serverfarms_iotfuncplan289C913D_name'))]"
            ],
            "tags": {
                "hidden-related:/subscriptions/663c1da3-4ec5-47bd-8061-21e66a8a5f98/resourceGroups/IoTCapstoneRG/providers/Microsoft.Web/serverfarms/iotfuncplan289C913D": "empty"
            },
            "kind": "functionapp",
            "identity": {
                "principalId": "87c0b8b3-9d8c-4baa-a2f8-ce375702381d",
                "tenantId": "350d072b-d849-4df7-93bf-d5593556851d",
                "type": "SystemAssigned"
            },
            "properties": {
                "enabled": true,
                "hostNameSslStates": [
                    {
                        "name": "iotfunc289c913d.azurewebsites.net",
                        "sslState": "Disabled",
                        "hostType": "Standard"
                    },
                    {
                        "name": "iotfunc289c913d.scm.azurewebsites.net",
                        "sslState": "Disabled",
                        "hostType": "Repository"
                    }
                ],
                "serverFarmId": "[resourceId('Microsoft.Web/serverfarms', parameters('serverfarms_iotfuncplan289C913D_name'))]",
                "reserved": false,
                "isXenon": false,
                "hyperV": false,
                "scmSiteAlsoStopped": false,
                "clientAffinityEnabled": false,
                "clientCertEnabled": false,
                "hostNamesDisabled": false,
                "containerSize": 1536,
                "dailyMemoryTimeQuota": 0,
                "httpsOnly": true,
                "redundancyMode": "None"
            }
        },
        {
            "type": "Microsoft.Web/sites/config",
            "apiVersion": "2018-11-01",
            "name": "[concat(parameters('sites_iotfunc289C913D_name'), '/web')]",
            "location": "Central US",
            "dependsOn": [
                "[resourceId('Microsoft.Web/sites', parameters('sites_iotfunc289C913D_name'))]"
            ],
            "tags": {
                "hidden-related:/subscriptions/663c1da3-4ec5-47bd-8061-21e66a8a5f98/resourceGroups/IoTCapstoneRG/providers/Microsoft.Web/serverfarms/iotfuncplan289C913D": "empty"
            },
            "properties": {
                "numberOfWorkers": 1,
                "defaultDocuments": [
                    "Default.htm",
                    "Default.html",
                    "Default.asp",
                    "index.htm",
                    "index.html",
                    "iisstart.htm",
                    "default.aspx",
                    "index.php"
                ],
                "netFrameworkVersion": "v4.0",
                "phpVersion": "5.6",
                "pythonVersion": "",
                "nodeVersion": "",
                "linuxFxVersion": "",
                "requestTracingEnabled": false,
                "remoteDebuggingEnabled": false,
                "httpLoggingEnabled": false,
                "logsDirectorySizeLimit": 35,
                "detailedErrorLoggingEnabled": false,
                "publishingUsername": "$iotfunc289C913D",
                "scmType": "None",
                "use32BitWorkerProcess": true,
                "webSocketsEnabled": false,
                "alwaysOn": false,
                "appCommandLine": "",
                "managedPipelineMode": "Integrated",
                "virtualApplications": [
                    {
                        "virtualPath": "/",
                        "physicalPath": "site\\wwwroot",
                        "preloadEnabled": false,
                        "virtualDirectories": null
                    }
                ],
                "winAuthAdminState": 0,
                "winAuthTenantState": 0,
                "customAppPoolIdentityAdminState": false,
                "customAppPoolIdentityTenantState": false,
                "loadBalancing": "LeastRequests",
                "routingRules": [],
                "experiments": {
                    "rampUpRules": []
                },
                "autoHealEnabled": false,
                "vnetName": "",
                "siteAuthEnabled": false,
                "siteAuthSettings": {
                    "enabled": null,
                    "unauthenticatedClientAction": null,
                    "tokenStoreEnabled": null,
                    "allowedExternalRedirectUrls": null,
                    "defaultProvider": null,
                    "clientId": null,
                    "clientSecret": null,
                    "clientSecretCertificateThumbprint": null,
                    "issuer": null,
                    "allowedAudiences": null,
                    "additionalLoginParams": null,
                    "isAadAutoProvisioned": false,
                    "googleClientId": null,
                    "googleClientSecret": null,
                    "googleOAuthScopes": null,
                    "facebookAppId": null,
                    "facebookAppSecret": null,
                    "facebookOAuthScopes": null,
                    "twitterConsumerKey": null,
                    "twitterConsumerSecret": null,
                    "microsoftAccountClientId": null,
                    "microsoftAccountClientSecret": null,
                    "microsoftAccountOAuthScopes": null
                },
                "cors": {
                    "allowedOrigins": [
                        "https://functions.azure.com",
                        "https://functions-staging.azure.com",
                        "https://functions-next.azure.com"
                    ],
                    "supportCredentials": false
                },
                "localMySqlEnabled": false,
                "managedServiceIdentityId": 24333,
                "ipSecurityRestrictions": [
                    {
                        "ipAddress": "Any",
                        "action": "Allow",
                        "priority": 1,
                        "name": "Allow all",
                        "description": "Allow all access"
                    }
                ],
                "scmIpSecurityRestrictions": [
                    {
                        "ipAddress": "Any",
                        "action": "Allow",
                        "priority": 1,
                        "name": "Allow all",
                        "description": "Allow all access"
                    }
                ],
                "scmIpSecurityRestrictionsUseMain": false,
                "http20Enabled": false,
                "minTlsVersion": "1.2",
                "ftpsState": "AllAllowed",
                "reservedInstanceCount": 0,
                "fileChangeAuditEnabled": false,
                "functionsRuntimeScaleMonitoringEnabled": false
            }
        },
        {
            "type": "Microsoft.Web/sites/functions",
            "apiVersion": "2018-11-01",
            "name": "[concat(parameters('sites_iotfunc289C913D_name'), '/WindSpeedHttpTrigger')]",
            "location": "Central US",
            "dependsOn": [
                "[resourceId('Microsoft.Web/sites', parameters('sites_iotfunc289C913D_name'))]"
            ],
            "properties": {
                "script_root_path_href": "https://iotfunc289c913d.azurewebsites.net/admin/vfs/site/wwwroot/WindSpeedHttpTrigger/",
                "script_href": "https://iotfunc289c913d.azurewebsites.net/admin/vfs/site/wwwroot/bin/IoTFunctions.dll",
                "config_href": "https://iotfunc289c913d.azurewebsites.net/admin/vfs/site/wwwroot/WindSpeedHttpTrigger/function.json",
                "href": "https://iotfunc289c913d.azurewebsites.net/admin/functions/WindSpeedHttpTrigger",
                "config": {},
                "test_data": "{\"method\":\"post\",\"body\":\"[\\r\\n    {\\r\\n        \\\"deviceId\\\": \\\"CWF-MX-001\\\",\\r\\n        \\\"windSpeed\\\": 17.3\\r\\n    }\\r\\n]\\r\\n\",\"queryStringParams\":[],\"headers\":[]}"
            }
        },
        {
            "type": "Microsoft.Web/sites/hostNameBindings",
            "apiVersion": "2018-11-01",
            "name": "[concat(parameters('sites_iotfunc289C913D_name'), '/', parameters('sites_iotfunc289C913D_name'), '.azurewebsites.net')]",
            "location": "Central US",
            "dependsOn": [
                "[resourceId('Microsoft.Web/sites', parameters('sites_iotfunc289C913D_name'))]"
            ],
            "properties": {
                "siteName": "iotfunc289C913D",
                "hostNameType": "Verified"
            }
        },
        {
            "type": "Microsoft.Storage/storageAccounts/blobServices/containers",
            "apiVersion": "2019-04-01",
            "name": "[concat(parameters('storageAccounts_iotstorage289c913d_name'), '/default/azure-webjobs-hosts')]",
            "dependsOn": [
                "[resourceId('Microsoft.Storage/storageAccounts/blobServices', parameters('storageAccounts_iotstorage289c913d_name'), 'default')]",
                "[resourceId('Microsoft.Storage/storageAccounts', parameters('storageAccounts_iotstorage289c913d_name'))]"
            ],
            "properties": {
                "publicAccess": "None"
            }
        },
        {
            "type": "Microsoft.Storage/storageAccounts/blobServices/containers",
            "apiVersion": "2019-04-01",
            "name": "[concat(parameters('storageAccounts_iotstorage289c913d_name'), '/default/azure-webjobs-secrets')]",
            "dependsOn": [
                "[resourceId('Microsoft.Storage/storageAccounts/blobServices', parameters('storageAccounts_iotstorage289c913d_name'), 'default')]",
                "[resourceId('Microsoft.Storage/storageAccounts', parameters('storageAccounts_iotstorage289c913d_name'))]"
            ],
            "properties": {
                "publicAccess": "None"
            }
        }
    ]
}